Time,T1,T2,T1pred,SP1,Q1,Q2
3.193802833557129,20.949499999999997,20.6272,21.0,21.0,50.000000495,0
7.207466934457347,20.949499999999997,20.949499999999997,21.00000000002119,21.0,9.90000010161895,0
9.295027232454085,20.949499999999997,20.949499999999997,21.00000000003696,21.0,4.587599045348234e-09,0
11.332592796651412,20.949499999999997,20.949499999999997,21.000000000056314,21.0,4.748570280423188e-09,0
13.249835039537944,21.2718,20.949499999999997,21.000000000074873,21.0,4.904650273040674e-09,0
17.205351380338488,21.2718,20.949499999999997,21.00000000012874,21.0,5.5264693657540485e-09,0
19.229674657580052,21.2718,20.949499999999997,21.000000000160775,21.0,5.978270410208331e-09,0
21.293716970649605,21.2718,20.949499999999997,21.000000000198163,21.0,6.574627050183711e-09,0
23.38183223483491,21.594099999999997,20.949499999999997,21.000000000236383,21.0,7.2094859486089945e-09,0
25.367643656443995,21.594099999999997,20.949499999999997,21.000000000284942,21.0,8.297498643465147e-09,0
29.193526337626615,21.594099999999997,20.949499999999997,21.00000000039029,21.0,1.1042419988561026e-08,0
31.276562192791594,21.594099999999997,20.949499999999997,21.00000000046476,21.0,1.351078138379398e-08,0
33.24762009220095,21.594099999999997,20.949499999999997,21.000000000536783,21.0,1.5975820238636123e-08,0
35.349983442028815,21.594099999999997,20.949499999999997,21.00000000067419,21.0,2.377366930574125e-08,0
37.26527291768909,21.594099999999997,20.949499999999997,21.000000000800426,21.0,3.0937243568345e-08,0
43.20923336233049,21.594099999999997,20.949499999999997,21.525765329189397,21.0,89.23665631495513,0
45.27770993638394,21.594099999999997,20.949499999999997,21.926026245332853,21.0,93.70161050895169,0
47.26460940801757,21.594099999999997,20.949499999999997,22.299216374877233,21.0,97.86458712461032,0
51.20464805024674,22.238699999999998,20.949499999999997,23.263052708079528,21.0,100.0,0
53.277839105556666,22.561,20.949499999999997,23.797768516740874,21.0312,100.0,0
55.32426040450927,22.8833,20.949499999999997,24.411160065088012,21.8268,100.0,0
59.241756832257025,23.5279,20.949499999999997,25.623905365548385,23.359499999999997,100.0,0
61.25424089086138,24.1725,20.949499999999997,26.287742823501596,24.1434,100.0,0
63.2697717018482,24.817099999999996,20.949499999999997,26.956377673500512,24.9312,100.0,0
65.21708190819733,25.461699999999997,21.2718,27.633343328556926,25.687800000000003,100.0,0
67.29105658904808,25.784,21.2718,28.355672661529493,26.4951,100.0,0
69.31417902110883,26.4286,21.2718,29.07581695597794,27.286800000000003,100.0,0
71.34988258157401,27.073199999999996,21.2718,29.805526826104572,28.078500000000002,100.0,0
73.29280293502313,27.3955,21.594099999999997,30.503282568457085,28.8351,100.0,0
79.25443011826005,29.329299999999996,21.594099999999997,32.675544654899916,31.163400000000003,100.0,0
81.29139515807232,29.973899999999997,21.594099999999997,33.41402555362255,31.9551,100.0,0
83.31161144898559,30.618499999999997,21.594099999999997,34.15209746429509,32.7468,100.0,0
87.25116665606375,31.9077,21.9164,35.571976777488196,34.2834,100.0,0
89.2658505978213,32.552299999999995,21.9164,36.29011726394739,35.067299999999996,100.0,0
91.22069843880708,33.1969,22.238699999999998,36.98507016636343,35.8317,100.0,0
93.27342161881626,33.841499999999996,22.238699999999998,37.71133293838819,36.6312,100.0,0
97.20803844883699,35.1307,22.238699999999998,39.075248847553716,38.1639,100.0,0
99.21185444153267,35.775299999999994,22.561,39.76056677077821,38.9439,100.0,0
101.37750282750088,36.4199,22.561,40.471107078947554,39.7629,100.0,0
103.30722119324568,36.7422,22.561,41.1467683031253,40.5429,100.0,0
107.25773573064097,38.0314,22.8833,42.44577775730754,42.0834,100.0,0
109.23913776706351,38.675999999999995,22.8833,43.086545757432944,42.8556,100.0,0
111.25794308098361,39.3206,23.205599999999997,43.730686147257515,43.6434,100.0,0
113.32321918234312,39.965199999999996,23.205599999999997,44.389437899652286,44.4507,100.0,0
117.26269340984867,40.9321,23.205599999999997,45.60543928311179,45.9873,100.0,0
119.20721012131176,41.576699999999995,23.5279,46.19372195785719,46.743900000000004,100.0,0
121.3028337492073,41.898999999999994,23.5279,46.82009783083979,47.5629,100.0,0
123.33224679625381,42.5436,23.850199999999997,47.424147345232164,48.354600000000005,100.0,0
127.27291794878691,43.51049999999999,23.850199999999997,48.55862049601514,49.8912,100.0,0
129.19655204533814,44.1551,23.850199999999997,49.10123187801833,50.64,100.0,0
131.3145717301028,44.799699999999994,23.850199999999997,49.689975004492744,51.466800000000006,100.0,0
133.34874660625715,45.122,24.1725,50.252216096377566,52.258500000000005,100.0,0
137.26995044459707,46.088899999999995,24.494799999999998,51.30409711997537,53.7912,100.0,0
139.21580539065573,46.7335,24.494799999999998,51.81331434645927,54.5478,100.0,0
141.2030549087768,47.0558,24.494799999999998,52.3237959244606,55.32,100.0,0
143.2492982122833,47.700399999999995,24.494799999999998,52.85184563967706,56.1195,100.0,0
145.61931963658517,48.345,24.817099999999996,53.37065710900219,56.934599999999996,100.0,0
151.25318906496207,49.311899999999994,24.817099999999996,54.81171636786876,59.2434,100.0,0
153.2689786678203,49.9565,25.1394,55.29132131568233,60.0,100.0,0
155.31298262275925,50.2788,25.1394,55.755714787493076,60.0,100.0,0
157.22110370244354,50.601099999999995,25.1394,56.19941746105483,60.0,100.0,0
161.2356008065506,51.568,25.461699999999997,57.09705586146362,60.0,100.0,0
163.276060830444,51.890299999999996,25.461699999999997,57.547555317134616,60.0,100.0,0
165.4010249147061,52.212599999999995,25.461699999999997,57.99215034905723,60.0,100.0,0
167.32557918149578,52.8572,25.784,58.40909114454448,60.0,100.0,0
171.23524182605954,53.501799999999996,25.784,59.21608330619274,60.0,99.99999924608743,0
173.27497964042,53.824099999999994,25.784,59.62340245672834,60.0,98.39999881983701,0
175.34838284511858,54.4687,25.784,59.78357444357256,60.0,58.000000330419624,0
177.32462180481434,54.791,26.106299999999997,59.94374643041677,60.0,17.60000184100167,0
181.26181729568162,55.113299999999995,26.106299999999997,60.0064229685842,60.0,5.790438137690614,0
183.27588513606992,55.113299999999995,26.106299999999997,60.00193179820848,60.0,10.273404728565996,0
185.31641577356774,55.435599999999994,26.106299999999997,60.00125176583905,60.0,31.657559054584283,0
187.29216296490517,55.435599999999994,26.106299999999997,60.00058513312222,60.0,52.620350733784264,0
191.2059624973148,55.435599999999994,26.4286,60.00013761716676,60.0,61.5020147026592,0
193.24671934269347,55.435599999999994,26.4286,60.000040725254095,60.0,61.1045600205152,0
195.22903006452117,55.435599999999994,26.4286,60.00002681459133,60.0,61.047496814748364,0
197.34907173155912,55.435599999999994,26.4286,60.00001192034636,60.0,60.98639883685659,0
201.2574348679679,55.435599999999994,26.4286,60.000002835235556,60.0,60.94913070943252,0
203.27864425215927,55.435599999999994,26.4286,60.00000084961742,60.0,60.940985520655175,0
205.30112624572095,55.75789999999999,26.4286,60.000000551981756,60.0,60.93976459133565,0
207.3241365632364,55.75789999999999,26.4286,60.000000252872645,60.0,60.93853761781158,0
209.3820970783788,55.75789999999999,26.4286,60.00000009950388,60.0,60.937908484770716,0
215.25792075058038,55.75789999999999,26.4286,60.00000001162594,60.0,60.93754800116109,0
217.29825966832576,55.75789999999999,26.4286,60.00000000538377,60.0,60.937522395173005,0
219.26600913297796,55.75789999999999,26.4286,60.00000000206643,60.0,60.937508787135734,0
223.25802675268005,55.75789999999999,26.750899999999998,60.00000000029932,60.0,60.937501538295805,0
225.23544473340178,55.75789999999999,26.4286,60.000000000171,60.0,60.93750101190705,0
227.339527131535,55.75789999999999,26.750899999999998,60.000000000037495,60.0,60.93750046425007,0
231.2604678731,55.75789999999999,26.750899999999998,59.99999999995045,60.0,60.93750010717145,0
233.27251725920226,56.0802,26.750899999999998,59.999999999932136,60.0,60.93750003203476,0
235.30669115435774,56.0802,26.750899999999998,59.999999999929386,60.0,60.937500020772035,0
239.25892250813968,56.0802,26.750899999999998,59.99999999992524,60.0,60.93750000374685,0
241.27907824194915,56.0802,26.750899999999998,59.99999999992484,60.0,60.93750000211576,0
243.31197494083105,56.0802,26.750899999999998,59.99999999992446,60.0,60.93750000055372,0
247.25566185847273,56.0802,26.750899999999998,59.99999999992435,60.0,60.9375000000903,0
249.27408193346218,56.0802,26.750899999999998,59.99999999992431,60.0,60.93749999996208,0
251.30668911236947,56.0802,26.750899999999998,59.999999999924306,60.0,60.93749999992798,0
255.25792220431453,56.0802,26.750899999999998,59.9999999999243,60.0,60.93749999989116,0
257.242169409655,56.0802,26.750899999999998,59.99999999992429,60.0,60.93749999988657,0
259.2981002198477,56.0802,26.750899999999998,59.99999999992429,60.0,60.93749999988374,0
263.26015584287626,56.0802,26.750899999999998,59.99999999992429,60.0,60.937499999881496,0
265.3164772548232,56.0802,26.750899999999998,59.99999999992429,60.0,60.93749999988153,0
267.2709819038119,56.402499999999996,26.750899999999998,59.99999999992429,60.0,60.93749999988157,0
271.25915573029556,56.402499999999996,26.750899999999998,59.999999999924285,60.0,60.93749999988085,0
273.27809915593895,56.402499999999996,26.750899999999998,59.999999999924285,60.0,60.937499999880295,0
275.3134935412835,56.402499999999996,26.750899999999998,59.99999999992426,60.0,60.93749999987816,0
279.2567085838038,56.402499999999996,26.750899999999998,59.999999999924185,60.0,60.937499999868244,0
281.26951983862097,56.402499999999996,26.750899999999998,59.99999999992408,60.0,60.93749999985524,0
283.31745920411646,56.402499999999996,26.750899999999998,59.999999999923936,60.0,60.937499999838806,0
287.2199886545022,56.402499999999996,26.750899999999998,59.99999999992279,60.0,60.93749999969795,0
289.28892698477546,56.402499999999996,26.750899999999998,59.99999999992084,60.0,60.93749999946592,0
291.24392347467716,56.402499999999996,26.750899999999998,59.999999999917804,60.0,60.937499999106265,0
295.27008927820305,56.402499999999996,26.750899999999998,59.999999999883826,60.0,60.937499994342325,0
297.2967081817274,56.402499999999996,26.750899999999998,59.999999999853756,60.0,60.93749999006154,0
299.2635647143013,56.402499999999996,26.750899999999998,59.99999999986273,60.0,60.9374999963532,0
301.31541674126817,56.402499999999996,27.073199999999996,59.99999999990662,60.0,60.93750001243876,0
305.26253982328285,56.724799999999995,26.750899999999998,59.99999999995144,60.0,61.26093751116552,0
307.237674242025,56.402499999999996,26.750899999999998,59.999999999955776,60.0,61.56874999590865,0
309.3027712457665,56.402499999999996,26.750899999999998,59.99999999995822,60.0,61.89218749076994,0
311.34170527506643,56.402499999999996,26.750899999999998,59.99999999995883,60.0,62.20937499496916,0
313.4160299954734,56.724799999999995,26.750899999999998,59.999999999959385,60.0,62.5234374988432,0
319.2596864863606,56.724799999999995,26.750899999999998,59.99999999995898,60.0,63.446874999736245,0
321.26187484537866,56.724799999999995,26.750899999999998,59.999999999958746,60.0,63.759374999805786,0
323.3375373967402,56.724799999999995,26.750899999999998,59.99999999995851,60.0,64.08281249987408,0
327.275718914351,56.724799999999995,26.750899999999998,59.999999999958035,60.0,64.69999999989977,0
329.2979051736797,56.724799999999995,26.750899999999998,59.9999999999578,60.0,65.01562499990729,0
331.3193917089395,56.724799999999995,26.750899999999998,59.99999999995757,60.0,65.33124999991006,0
333.3933619153639,56.724799999999995,26.750899999999998,59.999999999957346,60.0,65.64999999991271,0
337.2222817941599,56.724799999999995,26.750899999999998,59.99999999995694,60.0,66.25468749991438,0
339.25297305692334,56.724799999999995,26.750899999999998,59.99999999995674,60.0,66.57187499991518,0
341.2824446296732,56.724799999999995,26.750899999999998,59.99999999995654,60.0,66.88749999991587,0
343.3273527194298,57.04709999999999,26.750899999999998,59.999999999956344,60.0,67.2078124999166,0
345.372216166857,57.04709999999999,26.750899999999998,59.999999999956174,60.0,67.52499999991736,0
351.2585056844881,57.04709999999999,26.750899999999998,59.999999999955705,60.0,68.44687499991969,0
353.289216746538,57.04709999999999,26.750899999999998,59.99999999995555,60.0,68.76249999992056,0
355.2999044544536,57.04709999999999,26.750899999999998,59.99999999995542,60.0,69.07656249992161,0
359.2564584644682,57.3694,26.750899999999998,59.99999999995518,60.0,69.69687499992388,0
361.2754812207382,57.3694,27.073199999999996,59.99999999995508,60.0,70.01249999992532,0
363.32977968857824,57.3694,26.750899999999998,59.99999999995498,60.0,70.32812499992686,0
367.2656286229914,57.3694,27.073199999999996,59.99999999995484,60.0,70.94843749993258,0
369.28508583111187,57.6917,26.750899999999998,59.999999999954824,60.0,71.26406249994024,0
371.3105667698211,57.6917,26.750899999999998,59.99999999995486,60.0,71.57968749995196,0
375.25820973775063,57.6917,26.750899999999998,59.99999999995543,60.0,72.19687500003755,0
377.27672538509455,57.6917,26.750899999999998,59.99999999995596,60.0,72.51250000011072,0
379.3081009815602,58.013999999999996,27.073199999999996,59.999999999958234,60.0,72.82812500040644,0
381.2642494695104,58.013999999999996,27.073199999999996,59.999999999961844,60.0,73.13437500087397,0
385.264400107852,58.013999999999996,27.073199999999996,59.99999999999106,60.0,73.76093750465121,0
387.28492259349883,58.013999999999996,27.073199999999996,60.00000000001609,60.0,74.07656250788563,0
389.32414949241826,58.336299999999994,27.073199999999996,60.00000000011963,60.0,74.39218752127464,0
391.34794202792244,58.336299999999994,27.073199999999996,60.00000000028838,60.0,74.70937504309607,0
395.250972859281,58.336299999999994,27.073199999999996,60.0000000016649,60.0,75.32187522408137,0
397.27045537296107,58.65859999999999,27.073199999999996,60.00000000285714,60.0,75.63593788116509,0
399.31098427047857,58.65859999999999,27.073199999999996,60.00000000758857,60.0,75.95312598548315,0
401.3218500376518,58.9809,27.073199999999996,60.00000001522619,60.0,76.26718945692993,0
405.2628447578863,58.9809,27.073199999999996,60.000000077405055,60.0,76.56251008005091,0
407.27642605693114,58.9809,27.073199999999996,60.000000130808154,60.0,76.56251708074598,0
409.31714397395615,58.9809,27.073199999999996,60.000000360755664,60.0,76.56254707586434,0
411.3193591719266,59.3032,27.073199999999996,60.00000072589276,60.0,76.56259467741083,0
415.2226099646922,59.3032,27.073199999999996,60.000003644719776,60.0,76.56297526405483,0
417.2038935894965,59.625499999999995,27.073199999999996,60.00000615340759,60.0,76.5633023806693,0
419.3265899122562,59.625499999999995,27.073199999999996,60.000017119121964,60.0,76.56473223967112,0
421.3742072449365,59.625499999999995,27.073199999999996,60.000034792066415,60.0,76.56703667877298,0
425.26003394881843,59.947799999999994,27.073199999999996,60.00017620841254,60.0,76.58547646518849,0
427.2723453219439,59.947799999999994,27.073199999999996,60.00029763935725,60.0,76.60131028294143,0
429.30633725301396,59.947799999999994,27.3955,60.00081210084432,60.0,76.66839270256227,0
431.2501298650955,59.947799999999994,27.073199999999996,60.00162557198125,60.0,76.77446401629143,0
435.2573036654868,60.27009999999999,27.3955,60.008373124651136,60.0,77.65430326259768,0
437.28076659397215,60.27009999999999,27.073199999999996,60.01419198129995,60.0,78.41304657512472,0
439.3019043763519,60.5924,27.3955,60.03892131732761,60.0,81.63758915820944,0
441.34003248140857,60.5924,27.3955,60.07910141702037,60.0,86.87680732965637,0
445.24695437824454,60.5924,27.3955,60.07640860546168,60.0,73.69330284871484,0
447.2753630256537,60.914699999999996,27.3955,60.036908528301275,60.0,55.835569312086626,0
449.311859805377,60.914699999999996,27.3955,59.904360226413374,60.0,37.239079475359055,0
451.3250392239906,60.914699999999996,27.3955,59.69486927544689,60.0,18.04663136749317,0
455.25749990025884,60.914699999999996,27.3955,59.15699256687132,59.485,7.589782793094247e-07,0
457.2360662644241,60.914699999999996,27.3955,58.829338437498215,58.989999999999995,4.7242269666760435e-07,0
459.25345869122606,60.5924,27.3955,58.45319553914956,58.489999999999995,3.4728321311751294e-07,0
461.2726063556796,60.5924,27.3955,58.03325959372919,57.9875,3.739477117737794e-07,0
465.214444154741,59.947799999999994,27.3955,57.14330069031379,56.995000000000005,5.589071131227261e-07,0
467.2743952630359,59.947799999999994,27.3955,56.65118671988667,56.480000000000004,7.211482850165325e-07,0
469.32473897899695,59.625499999999995,27.3955,56.144258778683515,55.9725,1.3486326420035488e-06,0
471.3390487521693,59.3032,27.3955,55.62428647078887,55.47,2.3536817776085384e-06,0
475.20038710040023,58.65859999999999,27.3955,54.64051923235664,54.4975,8.002994707388767,0
477.2778370860421,58.013999999999996,27.3955,54.12824574518005,53.980000000000004,16.244881387129244,0
479.30699952501976,57.6917,27.3955,53.624973800079225,53.474999999999994,17.36584745414232,0
481.3355687314905,57.3694,27.3955,53.11888145810489,52.97,12.697637224444808,0
485.2461544824604,56.724799999999995,27.073199999999996,52.11424730656979,51.9875,4.928250871955793,0
487.21164943211693,56.402499999999996,27.073199999999996,51.60145388834169,51.495000000000005,1.6371828583391075,0
489.23653134423114,55.75789999999999,27.073199999999996,51.07598036173247,50.995000000000005,1.5424982469377185e-06,0
491.332256492803,55.435599999999994,27.073199999999996,50.51931910719434,50.47,9.793399568921817e-07,0
495.25843345889314,54.791,27.073199999999996,49.47270597368695,49.485,3.673654312750698e-07,0
497.27777708034785,54.4687,26.750899999999998,48.93508319696379,48.980000000000004,2.6164513183196284e-07,0
499.3069577058852,53.824099999999994,26.750899999999998,48.39927997919,48.474999999999994,1.9339093104954884e-07,0
501.21785039574195,53.501799999999996,26.750899999999998,47.891448148852476,47.995000000000005,1.5829968200445327e-07,0
505.2092117164076,52.8572,26.750899999999998,46.84081921618692,46.995000000000005,1.0543177134568286e-07,0
507.25105910930193,52.212599999999995,26.4286,46.31128330728155,46.4875,8.866913670981141e-08,0
509.2942593529733,51.890299999999996,26.4286,45.7821019928065,45.974999999999994,7.612905038141948e-08,0
511.33406634428457,51.568,26.4286,45.262848397420846,45.4675,6.746371188818508e-08,0
515.1938869380411,50.601099999999995,26.4286,44.2850698156264,44.5,5.4829044099560373e-08,0
517.1966334550574,50.2788,26.106299999999997,43.78561843746308,44.0,5.017673245987587e-08,0
519.2950221048935,49.9565,26.106299999999997,43.26861057372147,43.474999999999994,4.653549910719305e-08,0
521.4659240980178,49.311899999999994,26.106299999999997,42.74619541415885,42.9375,4.3965120293004726e-08,0
525.2615275611154,48.6673,26.106299999999997,41.83285451020145,41.98249999999999,4.108222046338601e-08,0
527.2818607268282,48.345,25.784,41.35888363216744,41.47999999999999,4.031440917593748e-08,0
529.3071534640711,48.02269999999999,25.784,40.88844522398402,40.9725,4.040340069690268e-08,0
531.2799757444285,47.700399999999995,25.784,40.4385460058696,40.47999999999999,4.118506037281929e-08,0
535.2581189971767,46.7335,25.784,39.54516402529212,39.485000000000014,4.4922132991591216e-08,0
537.2774324338312,46.411199999999994,25.784,39.09909554025558,38.97999999999999,4.783961312861428e-08,0
539.3070044152953,46.088899999999995,25.461699999999997,38.663482978838935,38.47749999999999,5.289464823916239e-08,0
541.2926726107133,45.7666,25.461699999999997,38.241229527889914,37.98249999999999,5.966349037311971e-08,0
545.2576750488072,45.122,25.461699999999997,37.40579549267154,36.985000000000014,8.419559172620152e-08,0
547.2767547460866,44.799699999999994,25.461699999999997,36.99018191431766,36.47999999999999,1.017815446114487e-07,0
549.239895634496,44.477399999999996,25.1394,36.59659232474145,35.99250000000001,1.4410776797552643e-07,0
551.3434430111898,44.1551,25.1394,36.18005786083549,35.4675,2.1407401739210277e-07,0
555.2100964469691,43.51049999999999,25.1394,35.53721365095689,35.0,19.430972736358477,0
557.2766440020933,43.188199999999995,25.1394,35.25989870751598,35.0,39.246716928221225,0
559.3104694508158,42.865899999999996,25.1394,35.10782545564869,35.0,59.51523430944051,0
561.3829875994021,42.5436,24.817099999999996,35.05522644448097,35.0,80.79566473973026,0
565.2628021945364,42.2213,24.817099999999996,35.005011992941164,35.0,80.30115749359229,0
567.2814611010243,42.2213,24.817099999999996,35.00233129561759,35.0,61.07817575110374,0
569.3062838906664,42.2213,24.817099999999996,35.00091032860757,35.0,49.25464083981656,0
571.380431341587,42.2213,24.817099999999996,35.000520191619145,35.0,43.46881750366201,0
575.2438579775467,42.2213,24.817099999999996,35.00010567044033,35.0,37.93347205953002,0
577.2483381609102,42.5436,24.494799999999998,35.0000500062834,35.0,37.70513139085754,0
579.299083075436,42.2213,24.494799999999998,35.0000191321473,35.0,37.57848217067708,0
581.2873339588282,42.5436,24.494799999999998,35.00001119186251,35.0,37.545910186090516,0
585.2565355824729,42.5436,24.494799999999998,35.000002210367825,35.0,37.50906702954207,0
587.2760922735687,42.5436,24.494799999999998,35.0000010312821,35.0,37.5042302748085,0
589.2983473666906,42.5436,24.494799999999998,35.00000040128821,35.0,37.50164596222646,0
591.3224395415488,42.5436,24.494799999999998,35.00000023138008,35.0,37.50094897793651,0
595.1975111613268,42.5436,24.494799999999998,35.00000004713228,35.0,37.50019317056871,0
597.276885134783,42.5436,24.494799999999998,35.00000002166952,35.0,37.50008871912525,0
599.3132233703549,42.5436,24.494799999999998,35.000000008457036,35.0,37.500034519854644,0
601.2866075667717,42.5436,24.494799999999998,35.0000000049823,35.0,37.50002026603314,0
605.2527342963348,42.5436,24.494799999999998,35.000000001014136,35.0,37.500003988124526,0
607.277606989524,42.5436,24.494799999999998,35.000000000495525,35.0,37.500001860717134,0
609.3158619003378,42.5436,24.1725,35.00000000021843,35.0,37.50000072402827,0
611.2526864312601,42.5436,24.494799999999998,35.000000000146294,35.0,37.50000042814184,0
615.2563848562806,42.5436,24.494799999999998,35.00000000006233,35.0,37.50000008370475,0
617.2741095570241,42.5436,24.494799999999998,35.00000000005145,35.0,37.500000039087965,0
619.3103433839516,42.5436,24.494799999999998,35.00000000004564,35.0,37.500000015248816,0
621.3288843489084,42.5436,24.494799999999998,35.00000000004407,35.0,37.50000000878734,0
625.2571898397696,42.5436,24.494799999999998,35.00000000004237,35.0,37.50000000181949,0
627.2773657266811,42.865899999999996,24.494799999999998,35.00000000004214,35.0,37.50000000088381,0
629.2624478968363,42.5436,24.494799999999998,35.00000000004202,35.0,37.50000000038863,0
631.2259462045967,42.5436,24.494799999999998,35.000000000041986,35.0,37.500000000254595,0
635.2584948301054,42.865899999999996,24.494799999999998,35.00000000004195,35.0,37.50000000010234,0
637.2776879340141,42.5436,24.494799999999998,35.00000000004194,35.0,37.5000000000825,0
639.3491290378464,42.5436,24.494799999999998,35.00000000004194,35.0,37.50000000007201,0
641.3117652766541,42.5436,24.494799999999998,35.00000000004194,35.0,37.50000000006951,0
645.2582268534753,42.5436,24.494799999999998,35.00000000004194,35.0,37.50000000006656,0
647.2771480291918,42.865899999999996,24.494799999999998,35.00000000004194,35.0,37.50000000006605,0
649.3190309787162,42.865899999999996,24.494799999999998,35.00000000004194,35.0,37.500000000065775,0
651.3410858861893,42.865899999999996,24.494799999999998,35.00000000004194,35.0,37.50000000006568,0
655.2573443589662,42.865899999999996,24.494799999999998,35.00000000004194,35.0,37.50000000006558,0
657.2688570936263,42.865899999999996,24.494799999999998,35.00000000004194,35.0,37.500000000065576,0
659.2434677177563,42.865899999999996,24.494799999999998,35.00000000004194,35.0,37.50000000006557,0
661.298576395007,42.865899999999996,24.494799999999998,35.00000000004194,35.0,37.50000000006556,0
665.2596957943435,42.865899999999996,24.494799999999998,35.00000000004194,35.0,37.50000000006556,0
667.2800144263657,42.865899999999996,24.494799999999998,35.00000000004194,35.0,37.50000000006556,0
669.3036782038141,42.865899999999996,24.494799999999998,35.00000000004194,35.0,37.50000000006556,0
671.3254418212593,42.865899999999996,24.494799999999998,35.00000000004194,35.0,37.50000000006556,0
675.2581724361188,42.865899999999996,24.494799999999998,35.00000000004194,35.0,37.50000000006556,0
677.2773547931852,42.865899999999996,24.494799999999998,35.00000000004194,35.0,37.50000000006556,0
679.2798682346329,42.865899999999996,24.494799999999998,35.00000000004194,35.0,37.50000000006556,0
681.3286936164955,42.865899999999996,24.494799999999998,35.00000000004194,35.0,37.50000000006556,0
685.2171817834065,42.865899999999996,24.494799999999998,35.00000000004194,35.0,37.50000000006556,0
687.2756182648793,42.865899999999996,24.494799999999998,35.00000000004194,35.0,37.50000000006556,0
689.243247063076,42.865899999999996,24.494799999999998,35.00000000004194,35.0,37.50000000006556,0
691.3258234966456,42.865899999999996,24.494799999999998,35.00000000004194,35.0,37.50000000006556,0
695.2569884702307,42.865899999999996,24.494799999999998,35.00000000004194,35.0,37.50000000006556,0
697.2728709137348,42.865899999999996,24.494799999999998,35.00000000004194,35.0,37.50000000006556,0
699.2973723614886,42.865899999999996,24.494799999999998,35.00000000004194,35.0,37.50000000006556,0
701.3264361813698,42.865899999999996,24.494799999999998,35.00000000004194,35.0,37.50000000006556,0
705.2155836207112,42.865899999999996,24.494799999999998,35.00000000004194,35.0,37.50000000006556,0
707.2737420592186,42.865899999999996,24.494799999999998,35.00000000004194,35.0,37.50000000006556,0
709.2610125009784,42.865899999999996,24.494799999999998,35.00000000004194,35.0,37.50000000006556,0
711.3268598643019,42.865899999999996,24.494799999999998,35.00000000004194,35.0,37.50000000006556,0
715.2588354902321,42.865899999999996,24.494799999999998,35.00000000004194,35.0,37.50000000006556,0
717.2754382273453,42.865899999999996,24.494799999999998,35.00000000004194,35.0,37.50000000006556,0
719.2986931984958,42.865899999999996,24.494799999999998,35.00000000004194,35.0,37.50000000006556,0
721.3257412648732,42.865899999999996,24.494799999999998,35.00000000004194,35.0,37.50000000006556,0
725.2583587316767,42.865899999999996,24.494799999999998,35.00000000004194,35.0,37.50000000006556,0
727.2766677294597,42.865899999999996,24.494799999999998,35.00000000004194,35.0,37.50000000006556,0
729.3100816504138,43.188199999999995,24.494799999999998,35.00000000004194,35.0,37.50000000006556,0
731.2604760678896,43.188199999999995,24.494799999999998,35.00000000004194,35.0,37.50000000006556,0
735.2594213144488,43.188199999999995,24.494799999999998,35.00000000004194,35.0,37.50000000006556,0
737.2171880624846,42.865899999999996,24.494799999999998,35.00000000004194,35.0,37.50000000006556,0
739.3331496165692,43.188199999999995,24.494799999999998,35.00000000004194,35.0,37.50000000006556,0
741.3126096503033,42.865899999999996,24.494799999999998,35.00000000004194,35.0,37.50000000006556,0
745.2584558858596,42.865899999999996,24.494799999999998,35.00000000004194,35.0,37.50000000006556,0
747.2479622624028,43.188199999999995,24.494799999999998,35.00000000004194,35.0,37.50000000006556,0
749.2983221509947,43.188199999999995,24.494799999999998,35.00000000004194,35.0,37.50000000006556,0
751.3384329461439,42.865899999999996,24.494799999999998,35.00000000004194,35.0,37.50000000006556,0
755.2570162051458,43.188199999999995,24.494799999999998,35.00000000004194,35.0,37.50000000006556,0
757.2749861841827,43.188199999999995,24.494799999999998,35.00000000004194,35.0,37.50000000006556,0
759.3452172641378,43.188199999999995,24.494799999999998,35.00000000004194,35.0,37.50000000006556,0
761.4115114557503,42.865899999999996,24.494799999999998,35.00000000004194,35.0,37.50000000006556,0
765.258648752855,43.188199999999995,24.494799999999998,35.00000000004194,35.0,37.50000000006556,0
767.277844205413,43.188199999999995,24.494799999999998,35.00000000004194,35.0,37.50000000006556,0
769.3104599051345,43.188199999999995,24.494799999999998,35.00000000004194,35.0,37.50000000006556,0
771.2611307448924,43.188199999999995,24.494799999999998,35.00000000004194,35.0,37.50000000006556,0
775.26177668699,42.865899999999996,24.494799999999998,35.00000000004194,35.0,37.50000000006556,0
777.1984623101373,43.188199999999995,24.494799999999998,35.00000000004194,35.0,37.50000000006556,0
779.3183311721041,43.188199999999995,24.494799999999998,35.00000000004194,35.0,37.50000000006556,0
781.3443239204447,43.188199999999995,24.494799999999998,35.00000000004194,35.0,37.50000000006556,0
785.2557584986828,43.188199999999995,24.494799999999998,35.00000000004194,35.0,37.50000000006556,0
787.2356208857757,43.188199999999995,24.494799999999998,35.00000000004194,35.0,37.50000000006556,0
789.2964928020382,43.188199999999995,24.494799999999998,35.00000000004194,35.0,37.50000000006556,0
791.3166029640947,43.188199999999995,24.494799999999998,35.00000000004194,35.0,37.50000000006556,0
795.2537007814211,43.188199999999995,24.494799999999998,35.00000000004194,35.0,37.50000000006556,0
797.2781153532825,43.188199999999995,24.494799999999998,35.00000000004194,35.0,37.50000000006556,0
799.2628669023468,43.188199999999995,24.494799999999998,35.00000000004194,35.0,37.50000000006556,0
801.3227131971863,43.188199999999995,24.494799999999998,35.00000000004194,35.0,37.50000000006556,0
805.2211639242167,43.188199999999995,24.494799999999998,35.00000000004194,35.0,37.50000000006556,0
807.2787070965014,43.188199999999995,24.494799999999998,35.00000000004194,35.0,37.50000000006556,0
809.2962808925073,43.188199999999995,24.494799999999998,35.00000000004194,35.0,37.50000000006556,0
811.3449693667994,43.188199999999995,24.494799999999998,35.00000000004194,35.0,37.50000000006556,0
815.2549043950431,43.188199999999995,24.494799999999998,35.00000000004194,35.0,37.50000000006556,0
817.2275093894197,43.188199999999995,24.494799999999998,35.00000000004194,35.0,37.50000000006556,0
819.221206526477,43.188199999999995,24.494799999999998,35.00000000004194,35.0,37.50000000006556,0
821.3402607312812,43.188199999999995,24.494799999999998,35.00000000004194,35.0,37.50000000006556,0
825.1976144622805,43.188199999999995,24.494799999999998,35.00000000004194,35.0,37.50000000006556,0
827.2729725834812,43.188199999999995,24.494799999999998,35.00000000004194,35.0,37.50000000006556,0
829.3117226365874,43.188199999999995,24.494799999999998,35.00000000004194,35.0,37.50000000006556,0
831.3294400537925,43.188199999999995,24.494799999999998,35.00000000004194,35.0,37.50000000006556,0
835.2470975042131,43.188199999999995,24.494799999999998,35.00000000004194,35.0,37.50000000006556,0
837.2709292442293,43.188199999999995,24.494799999999998,35.00000000004194,35.0,37.50000000006556,0
839.2915390676827,43.188199999999995,24.494799999999998,35.00000000004194,35.0,37.50000000006556,0
841.3121164801687,43.188199999999995,24.494799999999998,35.00000000004194,35.0,37.50000000006557,0
845.256059624511,43.188199999999995,24.494799999999998,35.00000000004194,35.0,37.50000000006557,0
847.2760251141477,43.188199999999995,24.494799999999998,35.00000000004194,35.0,37.50000000006556,0
849.3120548250073,43.188199999999995,24.494799999999998,35.00000000004194,35.0,37.50000000006556,0
851.300028437024,43.188199999999995,24.494799999999998,35.00000000004194,35.0,37.500000000065555,0
855.1940625190059,43.188199999999995,24.494799999999998,35.00000000004194,35.0,37.500000000065555,0
857.2747572809743,43.188199999999995,24.494799999999998,35.00000000004194,35.0,37.50000000006556,0
859.2503537118309,43.188199999999995,24.494799999999998,35.00000000004194,35.0,37.50000000006556,0
861.2756152834054,43.188199999999995,24.494799999999998,35.00000000004194,35.0,37.50000000006556,0
865.2530746411752,43.188199999999995,24.494799999999998,35.00000000004194,35.0,37.50000000006556,0
867.2716294769551,43.188199999999995,24.494799999999998,35.00000000004194,35.0,37.50000000006557,0
869.3076831952304,43.188199999999995,24.494799999999998,35.00000000004194,35.0,37.50000000006557,0
871.3174977249205,43.188199999999995,24.494799999999998,35.00000000004194,35.0,37.50000000006556,0
875.253582542256,43.188199999999995,24.494799999999998,35.00000000004194,35.0,37.50000000006556,0
877.2689587073003,43.188199999999995,24.494799999999998,35.00000000004194,35.0,37.50000000006556,0
879.3738273656254,43.188199999999995,24.817099999999996,35.00000000004194,35.0,37.50000000006556,0
881.3255052365223,43.188199999999995,24.494799999999998,35.00000000004194,35.0,37.50000000006556,0
885.2437790071584,43.188199999999995,24.494799999999998,35.00000000004194,35.0,37.50000000006556,0
887.2673609874222,43.188199999999995,24.494799999999998,35.00000000004194,35.0,37.50000000006556,0
889.256233604473,43.188199999999995,24.494799999999998,35.00000000004194,35.0,37.50000000006556,0
891.2259342830654,43.188199999999995,24.494799999999998,35.00000000004194,35.0,37.50000000006556,0
895.2551647014827,43.188199999999995,24.494799999999998,35.00000000004194,35.0,37.50000000006556,0
897.2723679886612,43.188199999999995,24.494799999999998,35.00000000004194,35.0,37.50000000006556,0
899.2626205109832,43.188199999999995,24.494799999999998,35.00000000004194,35.0,37.50000000006556,0
901.3349500411894,43.188199999999995,24.494799999999998,35.00000000004194,35.0,37.50000000006557,0
905.2151176770946,43.188199999999995,24.494799999999998,35.00000000004194,35.0,37.50000000006557,0
907.2426522953251,43.188199999999995,24.494799999999998,35.00000000004194,35.0,37.50000000006556,0
909.3060846972843,43.188199999999995,24.494799999999998,35.00000000004194,35.0,37.50000000006556,0
911.2887018090845,43.188199999999995,24.494799999999998,35.00000000004194,35.0,37.50000000006556,0
915.2498755347943,43.188199999999995,24.494799999999998,35.00000000004194,35.0,37.50000000006556,0
917.2247998679462,43.188199999999995,24.494799999999998,35.00000000004194,35.0,37.50000000006557,0
919.3586041474989,43.188199999999995,24.494799999999998,35.00000000004194,35.0,37.50000000006558,0
921.2596708951226,43.188199999999995,24.494799999999998,35.00000000004194,35.0,37.5000000000656,0
925.2236659300136,43.188199999999995,24.494799999999998,35.00000000004194,35.0,37.50000000006562,0
927.2766561238892,43.188199999999995,24.494799999999998,35.00000000004194,35.0,37.50000000006562,0
929.2726547405985,43.188199999999995,24.494799999999998,35.00000000004194,35.0,37.50000000006562,0
931.3486421913383,43.188199999999995,24.494799999999998,35.00000000004194,35.0,37.50000000006562,0
935.2345042120013,43.188199999999995,24.494799999999998,35.00000000004194,35.0,37.50000000006562,0
937.2598747951267,43.188199999999995,24.494799999999998,35.00000000004194,35.0,37.500000000065626,0
939.2470532494658,43.188199999999995,24.494799999999998,35.00000000004194,35.0,37.500000000065626,0
941.2526373907497,43.188199999999995,24.494799999999998,35.00000000004194,35.0,37.50000000006562,0
945.1991790707739,43.188199999999995,24.494799999999998,35.00000000004194,35.0,37.50000000006559,0
947.2700057094131,43.188199999999995,24.494799999999998,35.00000000004194,35.0,37.500000000065555,0
949.2885354391813,43.188199999999995,24.494799999999998,35.00000000004194,35.0,37.50000000006554,0
951.2810705963121,43.188199999999995,24.494799999999998,35.00000000004194,35.0,37.50000000006553,0
955.2555368692541,43.188199999999995,24.494799999999998,35.00000000004194,35.0,37.500000000065384,0
957.2204119710684,43.188199999999995,24.494799999999998,35.00000000004194,35.0,37.500000000065235,0
959.2946148982041,43.188199999999995,24.494799999999998,35.00000000004194,35.0,37.50000000006521,0
961.3195488787654,43.188199999999995,24.494799999999998,35.000000000041936,35.0,37.50000000006528,0
965.2200858662134,43.188199999999995,24.494799999999998,35.00000000004193,35.0,37.50000000006453,0
967.2673117459541,43.188199999999995,24.494799999999998,35.00000000004192,35.0,37.50000000006371,0
969.2878670003022,43.188199999999995,24.494799999999998,35.0000000000419,35.0,37.500000000060865,0
971.3141903765791,43.188199999999995,24.817099999999996,35.00000000004187,35.0,37.50000000005629,0
975.255899777842,43.188199999999995,24.494799999999998,35.00000000004162,35.0,37.50000000002475,0
977.2605059655408,43.188199999999995,24.494799999999998,35.0000000000414,35.0,37.49999999999828,0
979.3492083909615,43.188199999999995,24.494799999999998,35.000000000040615,35.0,37.49999999990128,0
981.2852318678832,43.188199999999995,24.494799999999998,35.00000000003943,35.0,37.49999999975662,0
985.2558803776919,43.188199999999995,24.494799999999998,35.0000000000315,35.0,37.499999998801094,0
987.2238857304865,43.188199999999995,24.494799999999998,35.000000000025025,35.0,37.499999998022815,0
989.2775590125831,43.188199999999995,24.494799999999998,35.00000000000401,35.0,37.49999999556415,0
991.3224606494997,43.188199999999995,24.494799999999998,34.999999999970335,35.0,37.49999999164386,0
995.2543436521258,43.51049999999999,24.494799999999998,34.99999999955276,35.0,37.49999993134267,0
997.2097105309368,43.188199999999995,24.494799999999998,34.999999999186876,35.0,37.49999987768135,0
999.1968152161235,43.51049999999999,24.494799999999998,34.9999999995533,35.0,37.49999999753777,0
1001.3111946937852,43.188199999999995,24.494799999999998,35.000000000723944,35.0,37.5000003093895,0
